City_ID,City,Country,Lat,Lng,Max Temp,Humidity,Cloudiness,Wind Speed,Date
0,Iqaluit,CA,63.7506,-68.5145,24.53,86,100,5.75,2022-10-12 05:35:54
1,Tasiilaq,GL,65.6145,-37.6368,28.08,94,100,5.64,2022-10-12 05:35:55
2,Talnakh,RU,69.4865,88.3972,34.21,94,94,4.79,2022-10-12 05:35:56
3,Hobart,AU,-42.8794,147.3294,66.22,73,75,19.57,2022-10-12 05:35:18
4,Ushuaia,AR,-54.8,-68.3,35.26,93,100,18.41,2022-10-12 05:31:29
5,Bluff,NZ,-46.6,168.3333,49.19,62,23,6.24,2022-10-12 05:35:57
6,Hermanus,ZA,-34.4187,19.2345,63.81,84,50,5.26,2022-10-12 05:35:58
7,East London,ZA,-33.0153,27.9116,67.14,82,20,3.44,2022-10-12 05:32:09
8,Egvekinot,RU,66.3167,-179.1667,12.49,65,13,7.58,2022-10-12 05:35:59
9,Bredasdorp,ZA,-34.5322,20.0403,63.57,81,68,4.27,2022-10-12 05:34:14
10,Arraial Do Cabo,BR,-22.9661,-42.0278,73.26,83,20,19.57,2022-10-12 05:36:00
11,Barrow,US,71.2906,-156.7887,28.42,93,100,25.32,2022-10-12 05:36:01
12,Srednekolymsk,RU,67.45,153.6833,17.49,76,15,4.32,2022-10-12 05:36:01
13,Kungurtug,RU,50.5994,97.5228,46.6,35,77,1.7,2022-10-12 05:36:02
14,Elko,US,41.0002,-115.5012,52.65,32,1,4.0,2022-10-12 05:36:03
15,Punta Arenas,CL,-53.15,-70.9167,35.71,87,75,24.16,2022-10-12 05:32:12
16,Rikitea,PF,-23.1203,-134.9692,69.73,80,59,21.36,2022-10-12 05:36:04
17,Port Alfred,ZA,-33.5906,26.891,67.17,88,99,1.01,2022-10-12 05:36:05
18,Nikolskoye,RU,59.7035,30.7861,45.79,88,67,6.96,2022-10-12 05:36:05
19,Destin,US,30.3935,-86.4958,75.96,86,20,3.44,2022-10-12 05:32:01
20,Lompoc,US,34.6391,-120.4579,62.78,95,100,3.44,2022-10-12 05:36:06
21,Cabo San Lucas,MX,22.8909,-109.9124,82.51,77,38,8.37,2022-10-12 05:33:08
22,Bang Saphan,TH,11.2126,99.5117,84.79,65,68,6.15,2022-10-12 05:36:07
23,Bachaquero,VE,9.9694,-71.1494,79.9,84,76,8.72,2022-10-12 05:36:08
24,Puerto Ayora,EC,-0.7393,-90.3518,66.54,93,86,4.0,2022-10-12 05:36:09
25,Georgetown,MY,5.4112,100.3354,86.9,73,20,3.44,2022-10-12 05:35:39
26,Vaini,TO,-21.2,-175.2,77.16,88,20,9.22,2022-10-12 05:36:10
27,Yar-Sale,RU,66.8333,70.8333,39.09,73,91,8.99,2022-10-12 05:36:11
28,Albany,US,42.6001,-73.9662,52.54,89,0,2.75,2022-10-12 05:36:11
29,Baghdad,IQ,33.3406,44.4009,73.31,35,0,4.61,2022-10-12 05:36:12
30,Plettenberg Bay,ZA,-34.0527,23.3716,65.12,82,99,2.93,2022-10-12 05:36:13
31,Cape Town,ZA,-33.9258,18.4232,62.91,88,75,9.22,2022-10-12 05:31:27
32,Geraldton,AU,-28.7667,114.6,70.21,30,1,17.27,2022-10-12 05:36:14
33,Russell,US,32.3502,-85.1999,70.83,100,0,0.0,2022-10-12 05:36:15
34,Dois Corregos,BR,-22.3661,-48.3803,68.7,60,88,2.8,2022-10-12 05:33:47
35,Upernavik,GL,72.7868,-56.1549,17.62,74,96,4.41,2022-10-12 05:36:16
36,Aklavik,CA,68.2191,-135.0107,22.73,84,49,2.71,2022-10-12 05:36:16
37,Cooma,AU,-36.2333,149.1333,59.47,67,100,11.5,2022-10-12 05:36:17
38,Thompson,CA,55.7435,-97.8558,37.56,93,100,10.36,2022-10-12 05:36:18
39,Norman Wells,CA,65.282,-126.8329,24.84,93,75,4.61,2022-10-12 05:36:19
40,Moron,AR,-34.6534,-58.6198,55.98,78,0,6.08,2022-10-12 05:36:19
41,Jamestown,US,42.097,-79.2353,56.79,69,0,5.75,2022-10-12 05:36:20
42,Kamaishi,JP,39.2667,141.8833,63.64,58,93,3.24,2022-10-12 05:32:12
43,Belaya Gora,RU,68.5333,146.4167,20.86,55,9,5.19,2022-10-12 05:36:21
44,Klaksvik,FO,62.2266,-6.589,49.12,85,100,17.74,2022-10-12 05:36:21
45,East Wenatchee Bench,US,47.4257,-120.2812,62.31,55,0,5.75,2022-10-12 05:36:22
46,Cockburn Town,TC,21.4612,-71.1419,82.45,77,70,17.56,2022-10-12 05:37:23
47,Mahebourg,MU,-20.4081,57.7,76.24,60,40,11.5,2022-10-12 05:37:23
48,Cherskiy,RU,68.75,161.3,10.49,91,28,8.16,2022-10-12 05:37:24
49,Bowen,AU,-20.0167,148.2333,76.93,64,80,21.09,2022-10-12 05:37:25
50,Sassandra,CI,4.95,-6.0833,74.57,92,92,2.44,2022-10-12 05:37:25
51,Quelimane,MZ,-17.8786,36.8883,73.35,94,20,0.0,2022-10-12 05:37:26
52,Richards Bay,ZA,-28.783,32.0377,75.13,69,98,12.12,2022-10-12 05:37:26
53,Kaseda,JP,31.4167,130.3167,72.81,53,86,8.21,2022-10-12 05:37:27
54,Paita,PE,-5.0892,-81.1144,61.61,87,13,10.36,2022-10-12 05:37:28
55,Lima,PE,-12.0432,-77.0282,58.89,86,75,12.66,2022-10-12 05:37:26
56,Busselton,AU,-33.65,115.3333,62.2,43,29,13.78,2022-10-12 05:37:29
57,Longyearbyen,SJ,78.2186,15.6401,33.64,80,75,12.66,2022-10-12 05:37:29
58,Castro,BR,-24.7911,-50.0119,60.4,96,100,2.75,2022-10-12 05:37:30
59,Port Lincoln,AU,-34.7333,135.8667,59.32,58,95,14.18,2022-10-12 05:37:30
60,Qaanaaq,GL,77.484,-69.3632,6.17,63,12,7.99,2022-10-12 05:37:31
61,Leningradskiy,RU,69.3833,178.4167,24.1,73,100,17.96,2022-10-12 05:37:32
62,Kemin,KG,42.7846,75.6892,70.23,9,0,4.45,2022-10-12 05:37:32
63,Dunedin,NZ,-45.8742,170.5036,48.79,84,77,5.73,2022-10-12 05:32:36
64,Katsuura,JP,35.1333,140.3,70.81,73,100,21.77,2022-10-12 05:37:33
65,Carmelo,UY,-33.9892,-58.2856,46.8,55,0,8.72,2022-10-12 05:37:34
66,San-Pedro,CI,4.7485,-6.6363,74.79,91,81,1.57,2022-10-12 05:37:35
67,Pingshan,CN,22.9938,114.7131,84.54,23,1,6.71,2022-10-12 05:37:35
68,Raudeberg,NO,61.9875,5.1352,48.96,34,98,20.8,2022-10-12 05:37:36
69,Noumea,NC,-22.2763,166.4572,79.0,99,100,10.25,2022-10-12 05:37:36
70,Pevek,RU,69.7008,170.3133,25.77,76,100,19.46,2022-10-12 05:37:37
71,Padang,ID,-0.9492,100.3543,86.05,73,100,3.91,2022-10-12 05:37:38
72,Esperance,AU,-33.8667,121.9,58.42,55,63,21.21,2022-10-12 05:37:39
73,Nanortalik,GL,60.1432,-45.2371,30.79,72,66,6.44,2022-10-12 05:37:40
74,Chingirlau,KZ,51.095,54.0814,54.1,63,94,5.35,2022-10-12 05:37:40
75,Avarua,CK,-21.2078,-159.775,73.45,94,100,19.57,2022-10-12 05:37:41
76,Sanchor,IN,24.7553,71.7722,93.7,24,0,2.53,2022-10-12 05:37:41
77,Port Hardy,CA,50.6996,-127.4199,46.58,87,0,3.44,2022-10-12 05:37:42
78,Vilhena,BR,-12.7406,-60.1458,67.8,84,98,2.71,2022-10-12 05:36:01
79,Butaritari,KI,3.0707,172.7902,82.24,76,79,20.89,2022-10-12 05:37:43
80,Qarqin,AF,37.4185,66.0436,76.28,13,0,2.39,2022-10-12 05:37:44
81,Khandyga,RU,62.6667,135.6,29.39,86,100,3.87,2022-10-12 05:37:44
82,Khatanga,RU,71.9667,102.5,31.62,98,100,3.91,2022-10-12 05:37:45
83,Broome,US,42.2506,-75.833,52.68,75,25,4.05,2022-10-12 05:37:45
84,Hilo,US,19.7297,-155.09,80.28,90,0,1.01,2022-10-12 05:37:46
85,Gulabpura,IN,25.9,74.6667,85.96,36,0,4.32,2022-10-12 05:37:47
86,Kirakira,SB,-10.4544,161.9205,82.69,73,30,4.88,2022-10-12 05:37:47
87,Kapaa,US,22.0752,-159.319,75.52,90,20,3.44,2022-10-12 05:37:48
88,Saskylakh,RU,71.9167,114.0833,26.98,95,95,3.42,2022-10-12 05:37:48
89,Kiunga,PG,-6.1219,141.2906,84.16,87,80,1.86,2022-10-12 05:37:49
90,Manaus,BR,-3.1019,-60.025,79.29,89,40,2.3,2022-10-12 05:37:50
91,Saint-Philippe,RE,-21.3585,55.7679,76.59,61,33,11.95,2022-10-12 05:37:50
92,Shatsk,RU,54.0258,41.7119,45.41,91,100,10.78,2022-10-12 05:38:51
93,Alyangula,AU,-13.8483,136.4192,85.87,66,95,9.93,2022-10-12 05:38:51
94,Paracuru,BR,-3.41,-39.0306,79.11,75,87,15.84,2022-10-12 05:38:52
95,Oktyabrskoye,RU,43.0645,44.7417,49.35,87,75,0.0,2022-10-12 05:38:53
96,Springbok,ZA,-29.6643,17.8865,74.08,26,69,2.08,2022-10-12 05:38:53
97,Mount Gambier,AU,-37.8333,140.7667,55.44,97,100,6.96,2022-10-12 05:38:54
98,Poum,NC,-20.2333,164.0167,76.84,76,87,9.1,2022-10-12 05:38:55
99,Aswan,EG,24.0934,32.907,74.5,43,0,8.05,2022-10-12 05:38:55
100,Khomutovka,RU,51.9207,34.5619,43.38,68,66,5.14,2022-10-12 05:38:56
101,Alenquer,BR,-1.9417,-54.7383,75.85,76,35,3.29,2022-10-12 05:38:57
102,Constitucion,CL,-35.3333,-72.4167,49.59,83,0,8.39,2022-10-12 05:38:57
103,Ribeira Grande,PT,38.5167,-28.7,70.77,87,30,1.99,2022-10-12 05:38:58
104,Souillac,MU,-20.5167,57.5167,75.58,60,40,11.5,2022-10-12 05:38:59
105,Lorengau,PG,-2.0226,147.2712,84.81,59,89,5.01,2022-10-12 05:38:59
106,Sechura,PE,-5.5569,-80.8222,61.32,87,11,10.65,2022-10-12 05:39:00
107,Atuona,PF,-9.8,-139.0333,77.14,76,8,17.83,2022-10-12 05:39:00
108,Sim,RU,54.993,57.6982,55.44,48,100,2.98,2022-10-12 05:39:01
109,Taikang,CN,46.8333,124.4167,59.49,34,100,17.54,2022-10-12 05:39:02
110,Bathsheba,BB,13.2167,-59.5167,83.01,83,20,19.57,2022-10-12 05:39:02
111,Camacha,PT,33.0833,-16.3333,63.82,88,40,16.11,2022-10-12 05:39:03
112,Harper,LR,4.375,-7.7169,75.96,88,100,6.24,2022-10-12 05:39:04
113,Aripuana,BR,-9.1667,-60.6333,73.0,92,91,1.88,2022-10-12 05:39:05
114,Kodiak,US,57.79,-152.4072,36.91,70,0,6.91,2022-10-12 05:39:05
115,Mingaora,PK,34.7758,72.3625,74.68,47,1,4.27,2022-10-12 05:34:06
116,Epe,NG,6.5841,3.9834,73.96,96,89,3.36,2022-10-12 05:39:07
117,Kaitangata,NZ,-46.2817,169.8464,48.99,59,13,4.47,2022-10-12 05:39:07
118,Coquimbo,CL,-29.9533,-71.3436,51.53,93,0,5.75,2022-10-12 05:39:08
119,Dingle,PH,10.9995,122.6711,85.95,72,95,13.82,2022-10-12 05:39:08
120,San Ignacio,BZ,17.1561,-89.0714,77.14,94,0,4.61,2022-10-12 05:39:09
121,Tiksi,RU,71.6872,128.8694,20.57,82,97,10.22,2022-10-12 05:39:10
122,Guerrero Negro,MX,27.9769,-114.0611,68.85,81,25,12.48,2022-10-12 05:39:10
123,Carnarvon,AU,-24.8667,113.6333,69.49,37,17,25.81,2022-10-12 05:39:11
124,San Cristobal,VE,7.7669,-72.225,69.98,93,63,1.72,2022-10-12 05:34:38
125,Yarim,YE,14.298,44.3779,60.48,30,11,8.59,2022-10-12 05:39:12
126,Balkhash,KZ,46.844,74.9804,57.81,28,0,13.42,2022-10-12 05:39:13
127,Basoko,CD,1.2391,23.616,71.76,96,100,5.48,2022-10-12 05:39:13
128,Ostrovnoy,RU,68.0531,39.5131,44.29,87,100,20.45,2022-10-12 05:39:14
129,Saldanha,ZA,-33.0117,17.9442,59.05,90,98,15.12,2022-10-12 05:39:15
130,New Norfolk,AU,-42.7826,147.0587,65.88,61,100,4.0,2022-10-12 05:39:15
131,Les Cayes,HT,18.2,-73.75,77.43,82,65,2.33,2022-10-12 05:39:16
132,Hanzhong,CN,33.0728,107.0303,56.07,77,100,1.74,2022-10-12 05:39:17
133,Ambon,ID,-3.6954,128.1814,87.94,70,20,6.91,2022-10-12 05:39:17
134,Handan,CN,36.6006,114.4678,69.03,26,99,10.98,2022-10-12 05:39:18
135,Hamilton,US,39.1834,-84.5333,61.57,66,75,9.22,2022-10-12 05:36:43
136,Vasterhaninge,SE,59.1167,18.1,37.83,94,27,4.21,2022-10-12 05:39:19
137,Kahului,US,20.8947,-156.47,82.42,79,40,8.05,2022-10-12 05:39:20
138,Cidreira,BR,-30.1811,-50.2056,62.1,94,100,11.48,2022-10-12 05:39:20
139,Najran,SA,17.4924,44.1277,74.05,18,17,4.52,2022-10-12 05:38:28
140,Penhold,CA,52.1334,-113.8687,46.45,46,100,11.5,2022-10-12 05:40:09
141,Riverton,US,40.5219,-111.9391,60.39,44,0,3.0,2022-10-12 05:36:34
142,Luderitz,NA,-26.6481,15.1594,67.14,61,83,11.5,2022-10-12 05:40:23
143,Miles City,US,46.4083,-105.8406,45.57,57,0,8.05,2022-10-12 05:40:24
144,Kasongo-Lunda,CD,-6.4667,16.8167,71.76,91,83,0.2,2022-10-12 05:40:24
145,Thinadhoo,MV,0.5333,72.9333,82.8,75,100,17.25,2022-10-12 05:40:25
146,Kurilsk,RU,45.2333,147.8833,51.46,76,90,17.9,2022-10-12 05:40:26
147,Kalulushi,ZM,-12.8378,28.0919,73.15,26,10,11.32,2022-10-12 05:40:26
148,Port Blair,IN,11.6667,92.75,80.64,83,40,2.3,2022-10-12 05:40:27
149,Airai,TL,-8.9266,125.4092,71.11,63,100,1.19,2022-10-12 05:40:27
150,Manokwari,ID,-0.8667,134.0833,83.28,71,98,4.9,2022-10-12 05:40:28
151,Lahaina,US,20.8783,-156.6825,82.4,91,77,5.14,2022-10-12 05:40:29
152,Chuy,UY,-33.6971,-53.4616,53.76,96,87,6.46,2022-10-12 05:40:29
153,Bukama,CD,-9.2,25.85,81.25,36,69,1.57,2022-10-12 05:40:30
154,Seoul,KR,37.5683,126.9778,69.19,42,0,4.61,2022-10-12 05:38:12
155,Ponta Do Sol,PT,32.6667,-17.1,69.71,81,15,5.55,2022-10-12 05:40:31
156,Jermuk,AM,39.8417,45.6723,52.41,45,3,5.23,2022-10-12 05:40:31
157,Muros,ES,42.7762,-9.0603,58.84,89,38,7.49,2022-10-12 05:40:32
158,Kailua,US,21.4022,-157.7394,78.78,81,75,3.44,2022-10-12 05:40:33
159,Sembe,CG,1.6481,14.5806,70.56,99,97,0.83,2022-10-12 05:40:34
160,Lagos,NG,6.5833,3.75,77.32,95,80,3.22,2022-10-12 05:36:28
161,Arkansas City,US,37.062,-97.0384,69.94,68,0,17.27,2022-10-12 05:40:35
162,Rio Gallegos,AR,-51.6226,-69.2181,39.25,70,0,21.85,2022-10-12 05:40:35
163,Ajra,IN,16.1167,74.2,71.87,94,100,3.36,2022-10-12 05:40:36
164,Sandpoint,US,48.2766,-116.5533,55.72,68,100,3.44,2022-10-12 05:40:36
165,Torbay,CA,47.6666,-52.7314,51.28,83,75,20.71,2022-10-12 05:40:37
166,Okato,NZ,-39.2,173.8833,59.18,94,100,1.01,2022-10-12 05:40:37
167,Road Town,VG,18.4167,-64.6167,80.69,76,0,15.9,2022-10-12 05:40:38
168,Kayerkan,RU,69.3497,87.7602,33.53,100,100,2.37,2022-10-12 05:40:39
169,Narasannapeta,IN,18.4167,84.05,85.64,70,82,4.65,2022-10-12 05:40:39
170,Tabou,CI,4.423,-7.3528,75.76,88,100,4.76,2022-10-12 05:40:40
171,Terra Santa,BR,-2.1042,-56.4869,75.27,75,100,0.87,2022-10-12 05:40:40
172,Kununurra,AU,-15.7667,128.7333,105.78,21,75,9.22,2022-10-12 05:40:41
173,Vila Franca Do Campo,PT,37.7167,-25.4333,70.2,86,10,2.68,2022-10-12 05:40:42
174,Tuatapere,NZ,-46.1333,167.6833,49.62,64,13,5.77,2022-10-12 05:40:42
175,Tahta,EG,26.7693,31.5021,73.8,51,0,11.83,2022-10-12 05:40:43
176,Lang Son,VN,21.8333,106.7333,77.45,38,6,6.02,2022-10-12 05:40:43
177,Smirnykh,RU,49.75,142.8333,43.12,75,100,11.79,2022-10-12 05:40:44
178,Rockingham,US,42.9668,-71.0995,51.66,88,4,3.89,2022-10-12 05:40:45
179,Mbanza-Ngungu,CD,-5.25,14.8667,69.6,91,83,2.91,2022-10-12 05:40:45
180,Gwadar,PK,25.1216,62.3254,85.12,40,0,3.24,2022-10-12 05:40:46
181,Laela,TZ,-8.5667,32.05,68.22,41,93,6.38,2022-10-12 05:40:46
182,Penzance,GB,50.1186,-5.5371,54.28,80,88,12.88,2022-10-12 05:40:47
183,Magole,TZ,-6.3667,37.3667,75.16,49,45,5.23,2022-10-12 05:40:48
184,Hasaki,JP,35.7333,140.8333,71.22,68,100,18.57,2022-10-12 05:40:49
185,Komsomolskiy,UZ,40.4272,71.7189,65.12,36,0,4.61,2022-10-12 05:40:49
186,Vargashi,RU,55.3556,65.8467,54.09,53,100,5.32,2022-10-12 05:41:50
187,Waddan,LY,29.1614,16.139,74.12,28,46,6.6,2022-10-12 05:41:50
188,Isangel,VU,-19.55,169.2667,74.64,85,99,9.55,2022-10-12 05:41:51
189,Tuktoyaktuk,CA,69.4541,-133.0374,32.0,80,100,12.66,2022-10-12 05:41:52
190,Roma,US,43.2128,-75.4557,56.66,87,0,1.01,2022-10-12 05:38:34
191,Faanui,PF,-16.4833,-151.75,78.48,75,16,15.19,2022-10-12 05:41:53
192,Port Augusta,AU,-32.5,137.7667,58.21,85,100,10.71,2022-10-12 05:41:53
193,Pangoa,PE,-12.1167,-73.0,67.62,98,86,3.42,2022-10-12 05:41:54
194,Dwarka,IN,22.2394,68.9678,87.22,51,44,7.43,2022-10-12 05:41:55
195,Lebu,CL,-37.6167,-73.65,51.64,93,96,7.27,2022-10-12 05:41:56
196,Riyadh,SA,24.6877,46.7219,78.94,15,0,6.8,2022-10-12 05:40:02
197,Konevo,RU,62.1215,39.3192,40.32,89,93,5.79,2022-10-12 05:41:57
198,Boden,SE,65.8252,21.6886,41.0,63,26,12.39,2022-10-12 05:41:58
199,Kieta,PG,-6.2167,155.6333,82.6,77,99,3.29,2022-10-12 05:41:58
200,Narsaq,GL,60.9167,-46.05,30.42,71,98,8.97,2022-10-12 05:41:59
201,Port Elizabeth,ZA,-33.918,25.5701,68.09,94,40,4.61,2022-10-12 05:41:21
202,Ancud,CL,-41.8697,-73.8203,47.05,87,87,12.86,2022-10-12 05:42:00
203,Lagoa,PT,39.05,-27.9833,69.57,81,27,4.21,2022-10-12 05:42:00
204,Ludvika,SE,60.1496,15.1878,28.2,81,3,1.43,2022-10-12 05:42:01
205,Ust-Kuyga,RU,70.0167,135.6,7.81,94,7,6.46,2022-10-12 05:42:02
206,Aitape,PG,-3.1374,142.3475,83.03,76,100,4.23,2022-10-12 05:42:03
207,Mayen,DE,50.3333,7.2167,41.99,88,55,1.63,2022-10-12 05:42:04
208,Carpinteria,US,34.3989,-119.5185,67.78,81,91,1.01,2022-10-12 05:42:04
209,Charters Towers,AU,-20.1,146.2667,87.66,32,66,10.69,2022-10-12 05:42:05
210,Hohhot,CN,40.8106,111.6522,59.29,26,0,4.47,2022-10-12 05:42:06
211,Viedma,AR,-40.8135,-62.9967,56.28,45,56,10.6,2022-10-12 05:42:06
212,Tazovskiy,RU,67.4667,78.7,36.07,96,100,15.48,2022-10-12 05:42:07
213,Alice Springs,AU,-23.7,133.8833,101.75,11,0,21.85,2022-10-12 05:40:16
214,Saint Anthony,US,45.0205,-93.218,67.6,66,100,13.8,2022-10-12 05:42:08
215,Kuruman,ZA,-27.4524,23.4325,75.49,20,10,20.0,2022-10-12 05:40:21
216,Agropoli,IT,40.3469,14.9966,60.08,76,92,3.49,2022-10-12 05:42:10
217,Mataura,NZ,-46.1927,168.8643,51.53,56,15,5.48,2022-10-12 05:42:10
218,Cayenne,GF,4.9333,-52.3333,75.24,100,75,0.0,2022-10-12 05:42:11
219,Fuling,CN,29.7022,107.3919,67.68,56,100,1.57,2022-10-12 05:42:12
220,Clyde River,CA,70.4692,-68.5914,21.43,86,100,14.97,2022-10-12 05:41:24
221,Yellowknife,CA,62.456,-114.3525,30.72,86,100,19.57,2022-10-12 05:38:01
222,Hithadhoo,MV,-0.6,73.0833,81.95,76,98,16.35,2022-10-12 05:42:13
223,Beloha,MG,-25.1667,45.05,84.38,37,0,7.29,2022-10-12 05:42:14
224,Pisco,PE,-13.7,-76.2167,59.05,88,0,14.97,2022-10-12 05:42:14
225,Cap Malheureux,MU,-19.9842,57.6142,76.46,57,14,8.99,2022-10-12 05:42:15
226,Requena,ES,39.4883,-1.1004,55.53,86,41,1.68,2022-10-12 05:42:15
227,Ajaccio,FR,42.0,8.9167,55.45,94,0,8.05,2022-10-12 05:42:16
228,Vostok,RU,46.4856,135.8833,43.5,59,6,8.55,2022-10-12 05:42:17
229,Ocampo,MX,21.65,-101.5,54.14,92,90,5.3,2022-10-12 05:42:17
230,Rosarito,MX,32.3333,-117.0333,66.47,83,14,5.39,2022-10-12 05:43:18
231,Qaqortoq,GL,60.7167,-46.0333,25.29,72,100,8.3,2022-10-12 05:43:19
232,Olafsvik,IS,64.8945,-23.7142,44.31,66,40,19.86,2022-10-12 05:43:19
233,Upington,ZA,-28.4478,21.2561,73.78,23,0,9.22,2022-10-12 05:43:20
234,Champerico,GT,14.3,-91.9167,77.86,86,100,4.85,2022-10-12 05:43:20
235,Whitehorse,CA,60.7161,-135.0538,45.37,61,75,8.05,2022-10-12 05:43:21
236,Yibin,CN,28.7667,104.6238,61.47,79,100,1.34,2022-10-12 05:43:22
237,Rapid Valley,US,44.0625,-103.1463,50.76,49,100,7.0,2022-10-12 05:43:22
238,Dikson,RU,73.5069,80.5464,32.49,96,100,14.09,2022-10-12 05:43:23
239,Usinsk,RU,65.9939,57.5281,42.46,87,83,14.18,2022-10-12 05:43:24
240,Ierapetra,GR,35.01,25.7353,70.14,70,6,5.01,2022-10-12 05:43:24
241,Pontianak,ID,-0.0333,109.3333,89.58,62,75,11.5,2022-10-12 05:42:45
242,Hambantota,LK,6.1241,81.1185,89.94,66,40,12.66,2022-10-12 05:43:25
243,Aberdeen,GB,57.1437,-2.0981,51.21,91,20,12.66,2022-10-12 05:41:06
244,Karratha,AU,-20.7377,116.8463,90.01,14,16,19.06,2022-10-12 05:43:26
245,Samarai,PG,-10.6167,150.6667,82.98,71,70,10.2,2022-10-12 05:43:27
246,Labuan,MY,5.2767,115.2417,86.36,66,20,8.05,2022-10-12 05:43:27
247,Leua,SK,48.2156,18.6071,51.13,78,81,3.91,2022-10-12 05:43:28
248,Rondonopolis,BR,-16.4708,-54.6356,73.27,87,100,4.38,2022-10-12 05:43:29
249,Porto Velho,BR,-8.7619,-63.9039,75.25,94,0,2.3,2022-10-12 05:43:29
250,Vaitape,PF,-16.5167,-151.75,78.42,75,15,15.23,2022-10-12 05:43:30
251,San Vicente,AR,-26.6167,-54.1333,54.07,99,100,0.31,2022-10-12 05:43:30
252,Fernie,CA,49.5,-115.0687,51.89,59,0,2.73,2022-10-12 05:43:31
253,Washington,US,47.5001,-120.5015,59.92,57,0,4.47,2022-10-12 05:43:32
254,Charlottesville,US,38.0293,-78.4767,51.13,94,0,0.0,2022-10-12 05:41:09
255,Chokurdakh,RU,70.6333,147.9167,11.71,87,50,5.19,2022-10-12 05:43:33
256,Bonthe,SL,7.5264,-12.505,71.85,93,100,14.54,2022-10-12 05:43:33
257,Willmar,US,45.1219,-95.0433,57.15,51,100,19.57,2022-10-12 05:43:34
258,Matay,EG,28.419,30.7792,72.46,67,1,14.92,2022-10-12 05:43:34
259,Bethel,US,41.3712,-73.414,55.9,88,0,0.0,2022-10-12 05:40:24
260,Cururupu,BR,-1.8283,-44.8683,75.13,89,47,3.58,2022-10-12 05:43:35
261,Maniitsoq,GL,65.4167,-52.9,26.31,77,88,5.93,2022-10-12 05:43:36
262,Baruun-Urt,MN,46.6806,113.2792,52.66,26,57,6.6,2022-10-12 05:43:36
263,Nuuk,GL,64.1835,-51.7216,27.21,93,20,4.61,2022-10-12 05:43:37
264,Skjervoy,NO,70.0311,20.9714,44.6,87,100,23.69,2022-10-12 05:43:38
265,Port Shepstone,ZA,-30.7414,30.455,71.24,74,100,9.8,2022-10-12 05:43:38
266,Arkhara,RU,49.4212,130.0842,50.68,42,100,6.96,2022-10-12 05:43:39
267,Bengkulu,ID,-3.8004,102.2655,82.53,69,97,5.5,2022-10-12 05:42:06
268,San Patricio,US,28.017,-97.5169,82.83,85,0,7.45,2022-10-12 05:43:40
269,Kemijarvi,FI,66.7131,27.4306,36.97,91,99,7.38,2022-10-12 05:43:40
270,Manhattan,US,40.7834,-73.9662,62.6,68,0,7.0,2022-10-12 05:39:12
271,Grocka,RS,44.6722,20.7175,56.89,96,81,1.1,2022-10-12 05:43:41
272,Fairbanks,US,64.8378,-147.7164,26.6,86,40,3.44,2022-10-12 05:40:08
273,Trairi,BR,-3.2778,-39.2689,78.75,76,89,13.96,2022-10-12 05:42:49
274,Mwense,ZM,-10.3845,28.698,79.81,24,22,11.07,2022-10-12 05:43:43
275,Pechenga,RU,69.5259,31.1703,41.99,94,100,6.31,2022-10-12 05:43:43
276,Puerto Leguizamo,CO,-0.1934,-74.7819,71.11,97,65,2.28,2022-10-12 05:43:44
277,Kuminskiy,RU,58.6667,66.5667,46.53,69,43,2.24,2022-10-12 05:43:45
278,Puerto Colombia,CO,10.9878,-74.9547,82.49,80,15,13.58,2022-10-12 05:43:45
279,Birao,CF,10.2849,22.7882,75.38,76,41,1.14,2022-10-12 05:43:46
280,Ignacio Zaragoza,MX,28.3833,-107.2167,50.0,61,0,3.4,2022-10-12 05:44:47
281,Doctor Arroyo,MX,23.6667,-100.1833,62.49,85,81,5.32,2022-10-12 05:44:48
282,Mercedes,AR,-34.6515,-59.4307,50.79,47,2,8.32,2022-10-12 05:44:49
283,Visnes,NO,59.3556,5.2242,51.85,82,75,17.27,2022-10-12 05:44:50
284,Kutum,SD,14.2,24.6667,76.06,28,29,13.24,2022-10-12 05:44:50
285,Kpalime,TG,6.9,0.6333,70.7,97,58,1.23,2022-10-12 05:44:51
286,Gamba,GA,-2.65,10.0,76.44,87,89,1.41,2022-10-12 05:44:51
287,Churapcha,RU,62.0025,132.4325,29.34,68,98,3.56,2022-10-12 05:44:52
288,Vila Velha,BR,-20.3297,-40.2925,75.15,83,100,8.05,2022-10-12 05:44:53
289,Asilah,MA,35.465,-6.0348,66.16,82,97,3.11,2022-10-12 05:44:54
290,Craig,US,40.5153,-107.5464,47.39,49,0,4.61,2022-10-12 05:44:55
291,Saint-Joseph,RE,-21.3667,55.6167,75.58,58,14,12.88,2022-10-12 05:42:43
292,Srandakan,ID,-7.9386,110.2506,81.75,74,68,12.71,2022-10-12 05:44:56
293,Krasnopavlivka,UA,49.1372,36.3272,46.27,59,8,8.1,2022-10-12 05:44:56
294,Uspenskaya,RU,45.7645,41.067,54.55,72,100,12.55,2022-10-12 05:44:57
295,Kamennomostskiy,RU,44.2983,40.1856,52.66,63,21,0.92,2022-10-12 05:44:58
296,Verkhnevilyuysk,RU,63.4453,120.3167,35.62,100,100,5.12,2022-10-12 05:44:58
297,Ketchikan,US,55.3422,-131.6461,54.07,87,100,6.91,2022-10-12 05:44:11
298,Amahai,ID,-3.3333,128.9167,81.97,78,82,5.14,2022-10-12 05:44:59
299,Makat,KZ,47.6469,53.3463,63.57,43,53,14.76,2022-10-12 05:45:00
300,Ahuimanu,US,21.4447,-157.8378,78.51,86,75,3.44,2022-10-12 05:45:00
301,Beyneu,KZ,45.3167,55.2,62.24,31,37,11.27,2022-10-12 05:45:01
302,Mpika,ZM,-11.8343,31.4529,70.11,33,2,15.55,2022-10-12 05:45:02
303,Santa Rosalia,MX,27.3167,-112.2833,78.12,57,26,6.76,2022-10-12 05:45:03
304,Bud,US,39.447,-86.1758,62.89,65,99,11.14,2022-10-12 05:45:04
305,Katangi,IN,23.45,79.7833,79.86,70,23,0.98,2022-10-12 05:45:04
306,Tautira,PF,-17.7333,-149.15,76.69,80,35,14.83,2022-10-12 05:45:06
307,Merritt Island,US,28.5392,-80.672,80.1,84,20,3.44,2022-10-12 05:45:07
308,Beringovskiy,RU,63.05,179.3167,30.76,68,80,6.13,2022-10-12 05:45:08
309,Tiarei,PF,-17.5333,-149.3333,78.82,79,19,16.11,2022-10-12 05:45:08
310,Hoyerswerda,DE,51.4333,14.25,42.51,82,13,3.51,2022-10-12 05:45:09
311,Kaeo,NZ,-35.1,173.7833,63.32,75,100,4.79,2022-10-12 05:45:10
312,Yulara,AU,-25.2406,130.9889,87.39,16,95,12.33,2022-10-12 05:45:11
313,Selimpasa,TR,41.0558,28.379,64.94,63,100,18.01,2022-10-12 05:45:11
314,Moose Factory,CA,51.2585,-80.6094,58.98,58,0,14.97,2022-10-12 05:45:12
315,Ures,MX,29.4333,-110.4,74.53,48,0,1.28,2022-10-12 05:45:13
316,Ellisras,ZA,-23.6649,27.7443,78.55,42,1,8.32,2022-10-12 05:45:13
317,Mar Del Plata,AR,-38.0023,-57.5575,51.1,79,0,15.01,2022-10-12 05:45:14
318,Carutapera,BR,-1.195,-46.02,76.77,89,47,6.87,2022-10-12 05:45:15
319,Ayr,GB,55.4627,-4.6339,54.5,94,100,14.97,2022-10-12 05:45:16
320,Saint George,US,37.1041,-113.5841,71.94,29,0,9.22,2022-10-12 05:43:15
321,Laurel,US,39.0993,-76.8483,56.66,85,20,3.44,2022-10-12 05:40:34
322,Enterprise,US,36.0252,-115.2419,78.46,25,0,8.05,2022-10-12 05:45:18
323,Margate,GB,51.3813,1.3862,50.31,75,100,7.74,2022-10-12 05:46:18
324,Kulhudhuffushi,MV,6.6221,73.07,79.93,80,86,16.67,2022-10-12 05:46:19
325,Shepsi,RU,44.0361,39.1489,59.77,57,32,6.33,2022-10-12 05:46:19
326,Campeche,MX,19.0,-90.5,73.44,99,100,2.13,2022-10-12 05:46:20
327,Salina,US,38.8403,-97.6114,71.02,72,0,24.16,2022-10-12 05:44:36
328,Koygorodok,RU,60.445,50.9968,43.45,80,43,4.29,2022-10-12 05:46:21
329,Kang,BW,-23.6752,22.7876,74.71,29,3,15.93,2022-10-12 05:46:22
330,Zagon,RO,45.7667,26.1167,52.72,62,93,1.99,2022-10-12 05:46:23
331,Grindavik,IS,63.8424,-22.4338,43.27,81,40,16.11,2022-10-12 05:46:24
332,Pasni,PK,25.2631,63.471,84.02,33,0,4.68,2022-10-12 05:46:24
333,Vao,NC,-22.6667,167.4833,72.99,79,100,14.94,2022-10-12 05:46:25
334,Coahuayana,MX,18.7333,-103.6833,78.57,92,100,2.28,2022-10-12 05:46:25
335,Marsh Harbour,BS,26.5412,-77.0636,81.61,77,100,13.49,2022-10-12 05:46:26
336,Ust-Kut,RU,56.7938,105.7672,42.1,80,97,10.96,2022-10-12 05:46:27
337,Chengde,CN,40.9725,117.9361,65.01,26,87,2.28,2022-10-12 05:46:28
338,Bidar,IN,17.9,77.55,80.62,71,93,6.69,2022-10-12 05:46:29
339,Peleduy,RU,59.6289,112.7406,36.36,98,100,9.78,2022-10-12 05:46:29
340,Burnie,AU,-41.0667,145.9167,57.94,83,100,12.48,2022-10-12 05:46:30
341,Coihaique,CL,-45.5752,-72.0662,40.95,87,100,3.44,2022-10-12 05:44:47
342,Wanlaweyn,SO,2.6185,44.8938,83.07,55,60,15.73,2022-10-12 05:46:31
343,Narrabri,AU,-30.3167,149.7833,76.51,50,70,1.01,2022-10-12 05:46:32
344,Piacabucu,BR,-10.4056,-36.4344,73.62,81,5,9.6,2022-10-12 05:46:32
345,Makakilo City,US,21.3469,-158.0858,77.32,88,75,5.75,2022-10-12 05:46:33
346,Lata,PT,40.1629,-8.3327,58.08,88,16,2.89,2022-10-12 05:46:34
347,Comodoro Rivadavia,AR,-45.8667,-67.5,51.66,40,0,21.85,2022-10-12 05:46:34
348,Gat,IL,31.61,34.7642,74.79,100,1,3.49,2022-10-12 05:46:35
349,Westport,US,41.1415,-73.3579,59.32,86,0,1.01,2022-10-12 05:45:37
350,Eureka,US,40.8021,-124.1637,52.93,82,37,2.08,2022-10-12 05:45:36
351,Brejo Santo,BR,-7.4933,-38.9872,75.43,75,2,7.54,2022-10-12 05:46:36
352,Vyartsilya,RU,62.1764,30.693,44.62,100,65,6.44,2022-10-12 05:46:37
353,Brae,GB,60.3964,-1.353,52.74,88,100,20.15,2022-10-12 05:46:38
354,Nevers,FR,46.9167,3.3333,49.91,97,19,2.33,2022-10-12 05:44:43
355,Zyryanka,RU,65.75,150.85,15.93,91,46,5.39,2022-10-12 05:46:38
356,Iquique,CL,-20.2208,-70.1431,59.04,74,36,3.62,2022-10-12 05:42:17
357,Blagoyevo,RU,63.3667,47.9167,41.79,83,73,7.02,2022-10-12 05:46:40
358,Provideniya,RU,64.3833,-173.3,32.36,74,40,8.99,2022-10-12 05:46:40
359,Atambua,ID,-9.1061,124.8925,82.89,62,98,5.55,2022-10-12 05:46:41
360,Kirovskiy,RU,45.0917,133.5136,54.66,47,2,5.7,2022-10-12 05:46:41
361,Kattivakkam,IN,13.2167,80.3167,91.49,65,74,9.08,2022-10-12 05:46:42
362,Puerto Escondido,MX,15.85,-97.0667,76.84,88,100,5.03,2022-10-12 05:46:43
363,Fortuna,US,40.5982,-124.1573,52.66,88,100,8.05,2022-10-12 05:42:56
364,Pangnirtung,CA,66.1451,-65.7125,18.9,74,73,1.86,2022-10-12 05:46:44
365,Te Anau,NZ,-45.4167,167.7167,54.88,55,12,3.89,2022-10-12 05:42:24
366,Vardo,NO,70.3705,31.1107,42.78,100,100,6.91,2022-10-12 05:46:46
367,Liverpool,GB,53.4106,-2.9779,50.54,87,75,11.5,2022-10-12 05:46:47
368,Sakakah,SA,29.9697,40.2064,72.97,26,0,7.52,2022-10-12 05:46:47
369,Luanda,AO,-8.8368,13.2343,75.52,76,98,5.95,2022-10-12 05:45:24
370,Consolacion Del Sur,CU,22.5047,-83.5136,73.98,93,25,4.14,2022-10-12 05:47:48
371,Mankono,CI,8.0586,-6.1897,68.88,98,86,2.77,2022-10-12 05:47:49
372,Pervomayskiy,RU,53.2485,40.2871,45.63,76,100,11.36,2022-10-12 05:47:49
373,Mehamn,NO,71.0357,27.8492,44.55,76,0,3.44,2022-10-12 05:47:50
374,Shuyskoye,RU,59.3736,41.0305,40.84,80,11,4.47,2022-10-12 05:47:51
375,Cotonou,BJ,6.3654,2.4183,76.98,94,20,3.44,2022-10-12 05:47:51
376,Verkh-Usugli,RU,52.7,115.1667,48.02,37,72,11.68,2022-10-12 05:47:52
377,Belmonte,BR,-15.8631,-38.8828,74.01,86,83,12.19,2022-10-12 05:47:52
378,Sorland,NO,67.667,12.6934,40.86,66,99,22.88,2022-10-12 05:47:53
379,Mount Isa,AU,-20.7333,139.5,98.37,20,75,11.5,2022-10-12 05:47:54
380,Ixtapa,MX,20.7,-105.2,81.23,81,56,3.15,2022-10-12 05:47:54
381,Acarau,BR,-2.8856,-40.12,78.62,79,85,17.54,2022-10-12 05:47:55
382,Arlit,NE,18.7369,7.3853,81.91,19,1,8.16,2022-10-12 05:45:54
383,Sao Joao Da Barra,BR,-21.6403,-41.0511,72.14,85,74,20.22,2022-10-12 05:46:50
384,Quatre Cocos,MU,-20.2078,57.7625,76.08,64,36,14.38,2022-10-12 05:47:57
385,Nouakchott,MR,18.0858,-15.9785,78.73,81,33,7.43,2022-10-12 05:47:57
386,Almaznyy,RU,48.0448,40.045,47.41,86,100,11.9,2022-10-12 05:47:58
387,Valera,VE,9.3178,-70.6036,70.03,84,77,5.68,2022-10-12 05:47:59
388,Bandarbeyla,SO,9.4942,50.8122,84.47,63,74,11.95,2022-10-12 05:47:59
389,Sungairaya,ID,0.7,108.9,84.43,66,40,9.44,2022-10-12 05:48:00
390,Yantzaza,EC,-3.8278,-78.7594,62.73,97,45,1.19,2022-10-12 05:48:01
391,Namibe,AO,-15.1961,12.1522,67.08,86,34,3.62,2022-10-12 05:48:01
392,Novoagansk,RU,61.9449,76.6625,40.73,81,100,12.33,2022-10-12 05:48:03
393,Castelo Do Piaui,BR,-5.3222,-41.5525,77.45,39,32,7.11,2022-10-12 05:48:04
394,Naze,JP,28.3667,129.4833,77.92,61,73,18.05,2022-10-12 05:48:05
395,Yumen,CN,40.2833,97.2,55.15,21,100,8.25,2022-10-12 05:48:06
396,Tessalit,ML,20.1986,1.0114,78.94,16,0,10.22,2022-10-12 05:48:07
397,Idaho Falls,US,43.4666,-112.0341,52.36,63,0,14.97,2022-10-12 05:47:03
398,Knysna,ZA,-34.0363,23.0471,67.14,77,100,3.31,2022-10-12 05:48:08
399,Carbonear,CA,47.7332,-53.2148,52.12,74,57,17.9,2022-10-12 05:48:09
400,Baykit,RU,61.67,96.37,37.02,86,100,9.22,2022-10-12 05:48:10
401,Rocha,UY,-34.4833,-54.3333,51.76,95,99,4.5,2022-10-12 05:48:11
402,Bilibino,RU,68.0546,166.4372,1.29,100,81,4.09,2022-10-12 05:48:12
403,Leopoldina,BR,-21.5319,-42.6431,67.59,90,81,1.9,2022-10-12 05:48:14
404,Verkhoyansk,RU,67.5447,133.385,14.54,88,13,1.21,2022-10-12 05:48:14
405,Remanso,BR,-9.6179,-42.0831,73.99,63,3,13.11,2022-10-12 05:48:15
406,Osmena,PH,10.5208,119.9258,83.53,75,99,11.56,2022-10-12 05:48:15
407,Oktyabrskiy,RU,54.4815,53.471,54.7,43,100,5.82,2022-10-12 05:48:16
408,Dali,CN,25.7,100.1833,61.65,90,99,5.23,2022-10-12 05:48:17
409,Toamasina,MG,-18.1667,49.3833,78.8,65,75,3.44,2022-10-12 05:48:18
410,Medea,DZ,36.2642,2.7539,59.97,82,100,2.68,2022-10-12 05:48:19
411,Maceio,BR,-9.6658,-35.7353,74.64,88,75,8.05,2022-10-12 05:45:50
412,Berlevag,NO,70.8578,29.0864,44.6,81,75,9.22,2022-10-12 05:49:20
413,Deputatskiy,RU,69.3,139.9,4.19,81,3,4.74,2022-10-12 05:49:21
414,Saint-Pierre,RE,-21.3393,55.4781,76.91,61,20,18.41,2022-10-12 05:49:21
415,Kavieng,PG,-2.5744,150.7967,84.67,65,100,6.49,2022-10-12 05:49:22
416,Ubinskoye,RU,55.3068,79.6802,50.22,56,29,14.07,2022-10-12 05:49:23
417,Aksu,CN,41.1231,80.2644,59.88,33,0,4.7,2022-10-12 05:49:23
418,Ambanja,MG,-13.6833,48.45,80.53,41,7,2.17,2022-10-12 05:49:24
419,Tapes,BR,-30.6733,-51.3958,60.87,89,100,8.63,2022-10-12 05:49:24
420,Laguna,US,38.421,-121.4238,70.63,68,0,6.91,2022-10-12 05:49:25
421,Kachug,RU,53.9606,105.8817,50.59,44,98,11.52,2022-10-12 05:49:26
422,Kunming,CN,25.0389,102.7183,62.53,88,100,11.18,2022-10-12 05:47:04
423,Los Llanos De Aridane,ES,28.6585,-17.9182,67.75,79,100,14.97,2022-10-12 05:49:27
424,Ajdabiya,LY,30.7554,20.2263,73.35,41,60,6.04,2022-10-12 05:49:27
425,Yamnytsya,UA,48.9897,24.7075,49.26,83,100,4.05,2022-10-12 05:49:28
426,Ishigaki,JP,24.3448,124.1572,82.53,69,75,23.02,2022-10-12 05:49:29
427,Ambalavao,MG,-21.8333,46.9333,75.76,25,0,4.9,2022-10-12 05:49:29
428,Flinders,AU,-34.5833,150.8552,64.38,77,100,12.62,2022-10-12 05:45:29
429,Ayan,RU,56.45,138.1667,42.22,52,1,7.83,2022-10-12 05:49:30
430,Sola,VU,-13.8833,167.55,81.52,69,15,1.48,2022-10-12 05:49:31
431,Meulaboh,ID,4.1363,96.1285,84.83,67,74,6.73,2022-10-12 05:49:32
432,Lerwick,GB,60.1545,-1.1494,53.6,88,100,19.51,2022-10-12 05:49:33
433,Kavaratti,IN,10.5669,72.642,81.52,72,70,6.02,2022-10-12 05:49:33
434,Trelew,AR,-43.249,-65.3051,57.51,43,49,21.63,2022-10-12 05:49:34
435,Nanchang,CN,28.6833,115.8833,73.09,29,4,10.04,2022-10-12 05:49:34
436,Chifeng,CN,42.2683,118.9636,66.79,13,83,12.37,2022-10-12 05:49:35
437,Bereda,ES,43.2686,-7.5406,58.41,100,96,2.68,2022-10-12 05:49:35
438,Acapulco,MX,16.8634,-99.8901,77.34,91,100,7.56,2022-10-12 05:49:36
439,Sao Filipe,CV,14.8961,-24.4956,79.05,80,88,6.51,2022-10-12 05:49:37
440,Shingu,JP,33.7333,135.9833,71.29,69,98,10.0,2022-10-12 05:44:49
441,Santa Rosa,PH,14.3122,121.1114,90.09,70,82,3.31,2022-10-12 05:49:38
442,Erzin,TR,36.9559,36.2,75.25,42,28,1.92,2022-10-12 05:49:39
443,Birin,NP,26.8865,88.0718,62.13,94,83,0.87,2022-10-12 05:49:39
444,Vallenar,CL,-28.5708,-70.7581,58.08,59,0,1.99,2022-10-12 05:49:40
445,Zorritos,PE,-3.6805,-80.6782,69.75,77,51,5.19,2022-10-12 05:49:41
446,Tiznit,MA,29.5833,-9.5,58.15,88,45,5.19,2022-10-12 05:49:42
447,Mamallapuram,IN,12.6264,80.1722,91.45,66,64,8.75,2022-10-12 05:49:42
448,Port Moresby,PG,-9.4431,147.1797,87.22,70,40,17.27,2022-10-12 05:49:43
449,Porto Santo,PT,33.072,-16.3415,68.38,83,40,14.97,2022-10-12 05:49:43
450,Abha,SA,18.2164,42.5053,66.02,22,0,4.61,2022-10-12 05:48:32
451,Boa Vista,BR,2.8197,-60.6733,76.98,88,0,3.44,2022-10-12 05:49:44
452,Durusu,TR,41.3053,28.6767,64.83,75,100,18.99,2022-10-12 05:49:45
453,Victoria,HK,22.2855,114.1577,88.18,47,5,13.0,2022-10-12 05:45:01
454,Tefe,BR,-3.3542,-64.7114,72.57,95,90,1.97,2022-10-12 05:49:46
455,Uray,RU,60.1247,64.7758,45.43,71,98,1.41,2022-10-12 05:47:08
456,Jinchang,CN,38.4953,102.1739,57.61,21,75,3.04,2022-10-12 05:49:47
457,Saint-Louis,SN,16.3333,-15.0,82.45,56,100,7.99,2022-10-12 05:49:47
458,Sinjar,IQ,36.3209,41.8754,75.67,25,1,0.98,2022-10-12 05:50:49
459,Neuquen,AR,-38.9516,-68.0591,55.29,50,0,8.05,2022-10-12 05:50:22
460,Lumajang,ID,-8.1335,113.2248,84.49,63,88,8.14,2022-10-12 05:50:50
461,Christchurch,NZ,-43.5333,172.6333,52.95,61,100,16.11,2022-10-12 05:50:51
462,Banda Aceh,ID,5.5577,95.3222,84.06,66,100,6.85,2022-10-12 05:49:58
463,Conde,BR,-7.2597,-34.9075,72.86,94,75,6.91,2022-10-12 05:50:53
464,Roald,NO,62.5833,6.1333,50.92,71,75,9.22,2022-10-12 05:50:53
465,Ahipara,NZ,-35.1667,173.1667,59.32,77,100,1.83,2022-10-12 05:50:23
466,Zapolyarnyy,RU,69.4154,30.8136,42.08,95,100,7.96,2022-10-12 05:50:54
467,Mineiros,BR,-17.5694,-52.5511,72.68,51,100,4.74,2022-10-12 05:50:55
468,Hailar,CN,49.2,119.7,53.85,22,100,12.59,2022-10-12 05:50:56
469,Niteroi,BR,-22.8833,-43.1036,74.61,96,100,4.61,2022-10-12 05:50:56
470,Mamlyutka,KZ,54.9375,68.5394,42.82,53,100,2.08,2022-10-12 05:50:57
471,Mangaldai,IN,26.4333,92.0333,75.63,92,100,3.24,2022-10-12 05:50:57
472,Chabahar,IR,25.2919,60.643,84.67,42,0,3.42,2022-10-12 05:50:58
473,Moyale,KE,3.5167,39.0584,68.38,61,2,13.13,2022-10-12 05:50:59
474,Erenhot,CN,43.6475,111.9767,58.75,15,100,17.43,2022-10-12 05:51:00
475,Ocosingo,MX,17.0667,-92.25,63.55,100,100,1.32,2022-10-12 05:51:00
476,Nizwa,OM,22.9333,57.5333,88.59,13,1,3.4,2022-10-12 05:51:01
477,Teya,RU,60.3778,92.6267,37.53,87,100,6.6,2022-10-12 05:51:02
478,La Ronge,CA,55.1001,-105.2842,44.85,39,75,19.57,2022-10-12 05:51:03
479,Saint-Augustin,CA,51.226,-58.6502,33.6,71,48,10.58,2022-10-12 05:51:04
480,Loudi,CN,27.7344,111.9944,76.87,19,2,7.96,2022-10-12 05:51:04
481,Linguere,SN,15.3953,-15.1193,80.01,66,94,7.05,2022-10-12 05:51:05
482,Mosquera,CO,4.7059,-74.2302,50.09,87,98,3.44,2022-10-12 05:51:06
483,Salmas,IR,38.1973,44.7653,54.93,35,1,2.66,2022-10-12 05:51:07
484,Kuala Kangsar,MY,4.7667,100.9333,87.73,60,98,2.71,2022-10-12 05:51:07
485,Zolotyy Potik,UA,48.9095,25.3393,49.64,82,100,4.52,2022-10-12 05:51:08
486,Codrington,AU,-38.2667,141.9667,63.23,79,100,4.5,2022-10-12 05:47:11
487,Iringa,TZ,-7.7667,35.7,58.32,72,40,0.0,2022-10-12 05:51:09
488,Filimonovo,RU,56.2011,95.4611,45.3,81,99,16.82,2022-10-12 05:51:10
489,Sangueya,GN,10.7,-14.3667,72.68,95,98,4.43,2022-10-12 05:51:10
490,Auki,SB,-8.7676,160.7034,81.48,79,56,0.81,2022-10-12 05:51:11
491,Acara,BR,-1.9608,-48.1967,71.37,97,48,2.21,2022-10-12 05:51:12
492,Methoni,GR,36.8197,21.7049,67.21,72,5,1.86,2022-10-12 05:47:41
493,Belyy Yar,RU,53.6039,91.3903,55.29,47,0,15.66,2022-10-12 05:51:13
494,Hofn,IS,64.2539,-15.2082,41.9,62,20,12.73,2022-10-12 05:48:46
495,Medford,US,42.3265,-122.8756,64.9,60,0,4.61,2022-10-12 05:51:14
496,Nelson Bay,AU,-32.7167,152.15,69.1,70,83,17.0,2022-10-12 05:51:15
497,Cairns,AU,-16.9167,145.7667,90.07,70,100,16.11,2022-10-12 05:51:15
498,Mayna,RU,54.1135,47.6231,47.86,84,99,2.21,2022-10-12 05:51:16
499,Alta Floresta,BR,-9.8756,-56.0861,71.04,86,94,1.99,2022-10-12 05:51:17
500,Shimoda,JP,34.6667,138.95,68.36,66,100,16.46,2022-10-12 05:51:17
501,Zhangjiakou,CN,40.81,114.8794,59.2,21,99,1.41,2022-10-12 05:51:18
502,Yago,MX,21.8333,-105.0667,75.24,94,20,3.58,2022-10-12 05:52:19
503,Taltal,CL,-25.4,-70.4833,56.62,77,8,0.96,2022-10-12 05:52:20
504,Kedrovyy,RU,56.1667,91.8167,45.01,79,100,11.27,2022-10-12 05:52:20
505,Chapais,CA,49.7834,-74.8492,42.58,92,8,6.73,2022-10-12 05:52:21
506,Sorong,ID,-0.8833,131.25,83.61,72,97,7.23,2022-10-12 05:52:22
507,Caruray,PH,10.3094,119.0128,84.02,80,74,14.63,2022-10-12 05:52:23
508,Grand-Lahou,CI,5.1367,-5.0242,74.91,90,73,3.42,2022-10-12 05:52:23
509,Hadishahr,AZ,38.8431,45.6635,57.69,42,1,1.3,2022-10-12 05:52:24
510,Kashary,RU,49.04,41.0056,50.0,89,100,13.62,2022-10-12 05:52:25
511,Mahajanga,MG,-15.7167,46.3167,82.42,39,0,14.97,2022-10-12 05:52:26
512,Santa Maria,BR,-29.6842,-53.8069,56.66,97,100,4.47,2022-10-12 05:52:26
513,Tilichiki,RU,60.4667,166.1,28.8,61,100,8.48,2022-10-12 05:52:27
514,Necochea,AR,-38.5473,-58.7368,53.37,41,72,18.07,2022-10-12 05:52:28
515,Ilulissat,GL,69.2167,-51.1,22.35,85,100,3.49,2022-10-12 05:52:29
516,Harare,ZW,-17.8294,31.0539,66.81,54,0,9.55,2022-10-12 05:52:29
517,Atar,MR,20.5169,-13.0499,84.81,34,58,13.42,2022-10-12 05:52:30
518,Sijunjung,ID,-0.6876,100.9537,80.17,75,100,0.18,2022-10-12 05:52:31
519,Encruzilhada,BR,-15.5314,-40.9094,64.15,89,34,8.16,2022-10-12 05:52:31
520,Ust-Nera,RU,64.5667,143.2,15.15,93,83,3.24,2022-10-12 05:52:32
521,Yokadouma,CM,3.5167,15.05,69.78,98,99,0.18,2022-10-12 05:52:33
522,Alofi,NU,-19.0595,-169.9187,75.09,100,15,5.75,2022-10-12 05:52:33
523,Sibu,MY,2.3,111.8167,88.11,70,40,5.01,2022-10-12 05:52:34
524,Spring Valley,US,36.108,-115.245,79.11,25,0,8.05,2022-10-12 05:52:24
525,Hirara,JP,24.8,125.2833,80.87,69,75,25.32,2022-10-12 05:52:35
526,Pagudpud,PH,18.5616,120.7868,78.82,92,98,14.88,2022-10-12 05:52:35
527,Paamiut,GL,61.994,-49.6678,27.14,55,44,6.93,2022-10-12 05:52:36
528,Cabo Rojo,PR,18.0866,-67.1457,77.97,92,1,1.01,2022-10-12 05:50:46
529,Eregli,TR,37.5133,34.0467,62.42,38,47,1.59,2022-10-12 05:52:37
530,Birchis,RO,45.9667,22.1667,56.98,77,92,1.43,2022-10-12 05:52:38
531,Reims,FR,49.1667,4.0833,41.74,93,40,1.14,2022-10-12 05:48:27
532,Abu Samrah,SY,35.3029,37.1841,73.72,40,2,1.9,2022-10-12 05:52:39
533,Savonlinna,FI,61.8699,28.88,41.05,93,40,9.22,2022-10-12 05:52:39
534,Ponta Delgada,PT,37.7333,-25.6667,70.5,82,75,2.3,2022-10-12 05:52:40
535,Ulladulla,AU,-35.35,150.4667,62.74,78,100,14.36,2022-10-12 05:52:40
536,Sur,OM,22.5667,59.5289,90.0,22,5,3.15,2022-10-12 05:52:41
537,Ascension,US,30.2169,-90.9001,73.09,91,40,0.0,2022-10-12 05:52:42
538,Grand Gaube,MU,-20.0064,57.6608,76.37,58,16,11.01,2022-10-12 05:52:43
539,Madison,US,34.7334,-86.5667,65.84,87,0,7.0,2022-10-12 05:52:44
540,Sioux Lookout,CA,50.1001,-91.917,59.07,63,75,9.22,2022-10-12 05:52:44
541,Salinopolis,BR,-0.6136,-47.3561,78.12,88,52,9.93,2022-10-12 05:52:45
542,Verkhnyaya Inta,RU,65.9811,60.3094,41.18,82,100,10.07,2022-10-12 05:52:46
543,Dagua,CO,3.6569,-76.6886,70.3,97,89,0.92,2022-10-12 05:52:47
544,Kayseri,TR,38.737,35.4968,48.22,76,0,5.75,2022-10-12 05:51:50
545,Conceicao Do Araguaia,BR,-8.2578,-49.2647,76.86,55,72,2.77,2022-10-12 05:52:48
546,Nakanojo,JP,36.5833,138.85,68.81,55,90,1.77,2022-10-12 05:52:49
547,Poronaysk,RU,49.2167,143.1167,47.1,59,70,12.71,2022-10-12 05:53:50
548,Pascagoula,US,30.3658,-88.5561,75.92,96,100,0.0,2022-10-12 05:53:51
549,Warmbad,NA,-28.45,18.7333,79.52,23,90,8.19,2022-10-12 05:53:51
550,Kupang,ID,-10.1667,123.5833,88.38,74,20,8.05,2022-10-12 05:53:52
551,Lyuban,BY,52.7985,28.0048,42.93,88,6,6.17,2022-10-12 05:53:53
552,Great Falls,US,47.5002,-111.3008,55.69,52,0,12.66,2022-10-12 05:53:53
553,Nago,JP,26.5881,127.9761,81.03,71,98,15.1,2022-10-12 05:51:19
554,Sobolevo,RU,54.4299,31.8996,44.19,89,68,8.68,2022-10-12 05:53:55
555,Mohpa,IN,21.3167,78.8167,78.15,79,92,6.98,2022-10-12 05:53:55
556,Shache,CN,38.4167,77.2406,65.16,18,93,5.17,2022-10-12 05:53:56
557,Sinalunga,IT,43.2152,11.7495,58.48,80,95,2.75,2022-10-12 05:53:56
558,Snezhnogorsk,RU,69.1933,33.2531,42.58,91,100,11.48,2022-10-12 05:53:57
559,Yerbogachen,RU,61.2767,108.0108,36.05,97,100,10.71,2022-10-12 05:53:58
560,Chimbote,PE,-9.0853,-78.5783,60.58,86,80,6.6,2022-10-12 05:53:59
561,Muravlenko,RU,63.7898,74.523,38.34,82,98,14.92,2022-10-12 05:54:00
562,Plouzane,FR,48.3833,-4.6167,50.05,97,100,2.3,2022-10-12 05:54:01
563,Hervey Bay,AU,-25.2986,152.8535,71.02,71,54,8.99,2022-10-12 05:54:02
564,Graben-Neudorf,DE,49.167,8.4924,50.79,70,100,3.38,2022-10-12 05:54:02
565,Peniche,PT,39.3558,-9.3811,63.1,95,19,8.23,2022-10-12 05:54:03
566,Melfi,IT,40.9965,15.6514,55.96,77,99,2.21,2022-10-12 05:54:05
567,Salalah,OM,17.0151,54.0924,83.93,50,30,5.44,2022-10-12 05:54:05
568,Hualmay,PE,-11.0964,-77.6139,60.55,87,24,8.21,2022-10-12 05:52:13
569,Chernelytsya,UA,48.8121,25.4248,50.68,81,100,4.52,2022-10-12 05:54:06
570,Miracema Do Tocantins,BR,-9.5618,-48.3967,82.81,37,46,2.86,2022-10-12 05:54:07
571,Severo-Kurilsk,RU,50.6789,156.125,46.53,80,45,30.06,2022-10-12 05:53:59
572,Port-Gentil,GA,-0.7193,8.7815,76.96,94,20,5.75,2022-10-12 05:54:08
573,Jumla,NP,29.2747,82.1838,63.16,62,3,4.76,2022-10-12 05:54:09
574,Owensboro,US,37.7742,-87.1133,66.18,54,83,9.6,2022-10-12 05:53:18
575,Mananjary,MG,-21.2167,48.3333,74.59,60,70,3.56,2022-10-12 05:54:10
576,Tacuarembo,UY,-31.7333,-55.9833,45.75,97,7,1.95,2022-10-12 05:54:11
577,Pacifica,US,37.6138,-122.4869,61.14,91,20,8.05,2022-10-12 05:49:49
578,Chalmette,US,29.9427,-89.9634,75.99,83,69,1.01,2022-10-12 05:54:12
579,Wanaka,NZ,-44.7,169.15,53.02,68,92,3.15,2022-10-12 05:54:12
580,Juneau,US,58.3019,-134.4197,52.21,100,98,2.13,2022-10-12 05:53:35
581,Mindelo,CV,16.8901,-24.9804,76.55,83,75,12.66,2022-10-12 05:54:13
582,Olga,RU,43.7444,135.2892,59.16,44,0,4.65,2022-10-12 05:50:44
583,Nhulunbuy,AU,-12.2333,136.7667,90.21,58,40,9.22,2022-10-12 05:54:15
584,Aras,ES,42.5617,-2.356,55.83,94,75,1.14,2022-10-12 05:54:15
585,Tsushima,JP,35.1667,136.7167,78.17,54,99,4.09,2022-10-12 05:54:16
586,Severka,RU,56.8688,60.3015,47.64,71,100,4.79,2022-10-12 05:54:16
587,Bundaberg,AU,-24.85,152.35,74.21,63,56,3.0,2022-10-12 05:54:18
588,Hailey,US,43.5196,-114.3153,51.89,35,0,8.63,2022-10-12 05:50:53
589,Fuerte Olimpo,PY,-21.0415,-57.8738,63.93,99,85,1.39,2022-10-12 05:54:19
590,Veraval,IN,20.9,70.3667,87.37,56,99,3.8,2022-10-12 05:54:19
591,Sotouboua,TG,8.5667,0.9833,70.0,94,69,1.01,2022-10-12 05:54:20
592,Opuwo,NA,-18.0607,13.84,74.59,21,23,5.68,2022-10-12 05:54:21
593,Hudson Bay,CA,52.85,-102.3842,44.19,61,90,11.99,2022-10-12 05:55:22
594,Kudahuvadhoo,MV,2.6708,72.8944,82.2,77,88,20.0,2022-10-12 05:55:23
595,Miquelon,PM,47.0975,-56.3814,51.8,69,25,21.72,2022-10-12 05:55:24
596,Bonavista,CA,48.6499,-53.1147,49.23,66,79,23.91,2022-10-12 05:55:25
597,Deerlijk,BE,50.8534,3.3542,48.06,91,80,4.23,2022-10-12 05:54:59
598,Dafeng,CN,23.4517,108.5881,78.58,29,17,6.02,2022-10-12 05:55:26
599,Asau,RO,46.4333,26.4,45.52,59,80,1.21,2022-10-12 05:55:27
600,Talcahuano,CL,-36.7167,-73.1167,53.28,94,100,3.44,2022-10-12 05:55:28
601,Daru,PG,-9.0763,143.2092,83.07,74,83,11.72,2022-10-12 05:55:28
602,Nagato,JP,34.3833,131.2,68.72,61,8,15.43,2022-10-12 05:55:29
603,Mandeville,JM,18.0417,-77.5071,68.4,92,80,2.66,2022-10-12 05:53:33
604,Kuala Lipis,MY,4.1842,102.0468,89.53,54,97,2.19,2022-10-12 05:55:30
605,Bartlesville,US,36.7473,-95.9808,67.01,74,5,1.99,2022-10-12 05:55:30
606,Sao Gabriel Da Cachoeira,BR,-0.1303,-67.0892,72.05,96,94,0.54,2022-10-12 05:55:31
607,Murom,RU,55.5656,42.0417,43.79,85,100,6.89,2022-10-12 05:55:32
608,Fecamp,FR,49.7579,0.3746,44.31,67,100,7.92,2022-10-12 05:55:33
609,Gorontalo,ID,0.5412,123.0595,81.19,80,100,4.88,2022-10-12 05:54:49
610,Honningsvag,NO,70.9821,25.9704,44.35,70,20,16.11,2022-10-12 05:55:33
611,Kruisfontein,ZA,-34.0033,24.7314,65.88,75,100,4.56,2022-10-12 05:55:34
612,Kurumkan,RU,54.3,110.3,43.92,80,96,7.16,2022-10-12 05:55:35
613,Agadez,NE,19.75,10.25,75.07,18,4,8.23,2022-10-12 05:55:35
614,Vaijapur,IN,19.9167,74.7333,71.85,93,100,7.05,2022-10-12 05:55:36
615,Petropavlovsk-Kamchatskiy,RU,53.0452,158.6483,45.19,93,75,4.47,2022-10-12 05:55:37
616,Chake Chake,TZ,-5.2459,39.7666,80.44,55,23,10.02,2022-10-12 05:55:37
617,Ust-Omchug,RU,61.15,149.6333,18.5,88,100,4.83,2022-10-12 05:55:38
618,Cape Coast,GH,5.1053,-1.2466,76.03,88,65,4.32,2022-10-12 05:55:39
619,Havre-Saint-Pierre,CA,50.2334,-63.5986,42.8,93,75,0.0,2022-10-12 05:55:39
620,Turka,UA,49.1541,23.0297,37.8,85,50,1.92,2022-10-12 05:55:40
621,Taoudenni,ML,22.6783,-3.9836,86.61,23,34,6.78,2022-10-12 05:55:41
622,Escanaba,US,45.7453,-87.0646,61.52,99,100,16.11,2022-10-12 05:55:21
623,Broken Hill,AU,-31.95,141.4333,72.27,38,100,4.29,2022-10-12 05:55:10
624,Bad Doberan,DE,54.1071,11.9005,52.0,92,54,6.42,2022-10-12 05:55:42
625,Maridi,SS,4.9158,29.4742,72.66,86,8,2.21,2022-10-12 05:55:43
626,Rangoon,MM,16.8053,96.1561,89.56,66,40,8.05,2022-10-12 05:55:43
627,Sitka,US,57.0531,-135.33,49.89,87,100,4.61,2022-10-12 05:55:44
628,Olkhovka,RU,53.2115,60.6069,55.0,34,98,6.55,2022-10-12 05:55:44
629,Maiduguri,NG,11.8464,13.1603,79.2,56,64,3.71,2022-10-12 05:55:45
630,Milkovo,RU,54.7167,158.6167,35.24,100,100,1.23,2022-10-12 05:55:46
631,Araouane,ML,18.9048,-3.5265,85.73,15,2,4.5,2022-10-12 05:55:46
632,Kawalu,ID,-7.3817,108.2082,77.05,87,99,5.26,2022-10-12 05:55:47
633,Sayyan,YE,15.1718,44.3244,62.08,29,15,7.9,2022-10-12 05:55:47
634,Chapada Dos Guimaraes,BR,-15.4606,-55.7497,65.86,93,100,2.95,2022-10-12 05:55:48
635,Sikasso,ML,10.9167,-7.0,71.69,92,49,4.47,2022-10-12 05:55:49
636,Mao,ES,39.8885,4.2658,66.76,94,40,3.44,2022-10-12 05:55:49
637,Santa Barbara,US,34.7333,-120.0343,59.83,94,20,0.0,2022-10-12 05:54:40
638,Invercargill,NZ,-46.4,168.35,50.29,59,8,5.12,2022-10-12 05:56:50
639,Atlantic Beach,US,30.3344,-81.3987,76.05,93,100,5.75,2022-10-12 05:56:51
640,Prieska,ZA,-29.6641,22.7474,82.85,16,99,14.16,2022-10-12 05:56:52
641,Tura,IN,25.5198,90.2201,76.1,91,98,4.68,2022-10-12 05:56:52
642,Maldonado,UY,-34.6667,-54.9167,52.99,89,96,3.85,2022-10-12 05:56:54
643,White Settlement,US,32.7596,-97.4584,76.08,62,1,11.01,2022-10-12 05:53:57
644,Velika Gorica,HR,45.7125,16.0756,52.18,90,37,3.44,2022-10-12 05:56:55
645,Vrangel,RU,42.7297,133.0839,56.37,53,0,12.57,2022-10-12 05:56:55
646,Whyalla,AU,-33.0333,137.5833,58.89,88,75,5.75,2022-10-12 05:52:21
647,Koumac,NC,-20.5667,164.2833,76.41,73,92,5.48,2022-10-12 05:56:56
648,Pirna,DE,50.9584,13.937,49.78,81,10,3.67,2022-10-12 05:56:57
649,Elizabeth City,US,36.2946,-76.2511,53.62,95,42,2.62,2022-10-12 05:56:57
650,Syracuse,IT,37.0881,15.2792,64.31,80,52,3.78,2022-10-12 05:52:01
651,Praxedis Guerrero,MX,31.3667,-106.0167,70.02,43,72,3.24,2022-10-12 05:56:58
652,General Pico,AR,-35.6566,-63.7568,53.82,28,31,8.3,2022-10-12 05:56:59
653,Pacific Grove,US,36.6177,-121.9166,58.01,90,49,1.01,2022-10-12 05:57:00
654,Abalak,RU,58.1286,68.5944,46.99,65,45,3.47,2022-10-12 05:57:00
655,Kashin,RU,57.3592,37.6081,41.47,81,48,4.83,2022-10-12 05:57:01
656,Imbituba,BR,-28.24,-48.6703,66.85,97,100,10.8,2022-10-12 05:57:01
657,Wenling,CN,28.3669,121.36,69.08,60,89,17.18,2022-10-12 05:57:02
658,Canatlan,MX,24.5167,-104.7833,56.95,39,81,4.52,2022-10-12 05:57:03
659,Yuanping,CN,38.7153,112.7575,59.79,25,99,2.71,2022-10-12 05:57:04
660,Hobyo,SO,5.3505,48.5268,81.21,70,68,16.4,2022-10-12 05:57:04
661,Lazarev,RU,52.225,141.5131,44.15,59,98,17.74,2022-10-12 05:57:05
662,Conceicao Das Alagoas,BR,-19.9147,-48.3883,76.78,38,58,5.41,2022-10-12 05:57:06
663,Puerto Suarez,BO,-18.95,-57.8,66.65,98,95,2.42,2022-10-12 05:57:07
664,Phalodi,IN,27.1333,72.3667,94.05,19,0,6.24,2022-10-12 05:57:07
665,Kalaiya,NP,27.0327,85.0022,80.55,73,100,3.2,2022-10-12 05:57:08
666,Manicore,BR,-5.8092,-61.3003,74.35,75,85,1.14,2022-10-12 05:57:09
667,Dioknisi,GE,41.6293,42.3917,53.15,57,17,2.77,2022-10-12 05:57:09
668,Lumeje,AO,-11.55,20.7833,74.44,33,53,3.94,2022-10-12 05:57:10
669,Copiapo,CL,-27.3667,-70.3333,49.69,55,0,1.32,2022-10-12 05:57:10
670,San Policarpo,PH,12.1791,125.5072,86.97,67,97,5.21,2022-10-12 05:57:11
671,Husavik,IS,66.0449,-17.3389,38.03,88,82,9.44,2022-10-12 05:57:12
672,Bang Sao Thong,TH,13.595,100.8304,90.99,55,20,6.91,2022-10-12 05:57:12
673,Carauari,BR,-4.8828,-66.8958,71.87,99,92,1.07,2022-10-12 05:57:13
674,Vakhrushev,RU,48.9833,142.9667,46.9,65,87,15.23,2022-10-12 05:57:13
675,Male,MV,4.1748,73.5089,84.15,79,40,19.57,2022-10-12 05:57:14
676,San Quintin,MX,30.4833,-115.95,66.51,84,34,9.37,2022-10-12 05:57:15
677,Shu,KZ,43.5983,73.7614,65.82,16,0,1.83,2022-10-12 05:57:15
678,Togur,RU,58.3631,82.8265,43.9,64,87,10.56,2022-10-12 05:57:16
679,Kagoro,NG,9.6,8.3833,70.16,77,100,2.57,2022-10-12 05:57:17
680,Inta,RU,66.0317,60.1659,41.45,85,100,11.81,2022-10-12 05:57:17
681,Daltenganj,IN,24.0333,84.0667,85.53,62,54,7.45,2022-10-12 05:57:18
682,Tairua,NZ,-37.0167,175.85,58.66,80,100,2.91,2022-10-12 05:54:02
683,Marquette,US,46.5333,-87.6335,61.83,81,46,15.5,2022-10-12 05:57:19
684,Bocaiuva,BR,-17.1078,-43.815,66.83,57,19,3.67,2022-10-12 05:57:20
685,Mayo,US,38.8876,-76.5119,56.95,87,1,8.28,2022-10-12 05:58:21
686,Dubbo,AU,-32.25,148.6167,69.93,56,100,11.5,2022-10-12 05:58:21
687,Korhogo,CI,9.45,-5.6333,69.17,98,41,3.58,2022-10-12 05:58:22
688,Martapura,ID,-3.4167,114.85,91.49,55,40,6.91,2022-10-12 05:58:23
689,Nome,US,64.5011,-165.4064,27.16,93,100,3.96,2022-10-12 05:58:23
690,Yerofey Pavlovich,RU,53.9667,121.9667,43.77,52,99,3.31,2022-10-12 05:58:24
691,Yanam,IN,16.7333,82.2167,87.49,65,79,3.85,2022-10-12 05:58:25
692,Cacu,BR,-18.5567,-51.1308,72.39,76,97,4.76,2022-10-12 05:58:25
693,Chiang Khong,TH,20.2613,100.4046,83.34,73,26,0.76,2022-10-12 05:58:26
694,Lavrentiya,RU,65.5833,-171.0,28.31,60,37,7.18,2022-10-12 05:58:26
695,Novo Oriente,BR,-5.5344,-40.7742,76.64,51,10,9.37,2022-10-12 05:58:27
696,Yining,CN,29.0361,114.5636,75.76,23,6,3.58,2022-10-12 05:58:28
697,Zambezi,ZM,-13.5432,23.1047,75.63,28,9,12.46,2022-10-12 05:58:28
698,Urengoy,RU,65.9667,78.3667,37.15,96,99,13.62,2022-10-12 05:58:29
699,Alanya,TR,36.5438,31.9998,74.1,54,57,3.56,2022-10-12 05:58:30
700,Marawi,PH,7.9986,124.2928,77.67,82,100,2.91,2022-10-12 05:58:30
701,Tigre,AR,-34.426,-58.5796,60.8,77,0,2.3,2022-10-12 05:58:31
702,Faya,SA,18.3851,42.4509,66.31,23,12,4.99,2022-10-12 05:58:31
